{"stat.useItem.minecraft.splash_potion":10,"stat.pickup.minecraft.bone":4,"stat.useItem.minecraft.stone":553,"stat.leaveGame":10,"stat.pickup.minecraft.arrow":5,"stat.useItem.minecraft.diamond_sword":86,"stat.useItem.minecraft.potion":8,"stat.useItem.minecraft.packed_ice":83,"stat.pickup.minecraft.diamond_sword":1,"stat.jump":725,"stat.swimOneCm":1085,"stat.fallOneCm":1635,"stat.climbOneCm":3495,"stat.useItem.minecraft.planks":8,"stat.pickup.minecraft.gunpowder":6,"stat.crouchOneCm":13670,"stat.pickup.minecraft.spider_eye":1,"stat.useItem.minecraft.dirt":1105,"achievement.exploreAllBiomes":{"value":0,"progress":["Extreme Hills+","Birch Forest","River","Extreme Hills"]},"stat.useItem.minecraft.water_bucket":43,"stat.useItem.minecraft.emerald_ore":3,"stat.pickup.minecraft.rotten_flesh":6,"stat.useItem.minecraft.dispenser":3,"stat.useItem.minecraft.vine":198,"stat.damageTaken":80,"stat.useItem.minecraft.stone_brick_stairs":17,"stat.dispenserInspected":6,"stat.killEntity.Enderman":1,"stat.pickup.minecraft.cobblestone":64,"stat.aviateOneCm":6449,"stat.useItem.minecraft.slime":8,"stat.flyOneCm":1111501,"stat.killEntity.Witch":1,"stat.damageDealt":4882,"stat.timeSinceDeath":1492,"stat.useItem.minecraft.sign":7,"stat.useItem.minecraft.crafting_table":2,"stat.useItem.minecraft.wooden_slab":15,"stat.useItem.minecraft.iron_bars":9,"stat.walkOneCm":146392,"stat.useItem.minecraft.torch":6,"stat.useItem.minecraft.chest":1,"stat.useItem.minecraft.log":361,"stat.useItem.minecraft.oak_stairs":18,"stat.useItem.minecraft.cobblestone":18,"stat.killEntity.Creeper":6,"stat.pickup.minecraft.string":2,"stat.useItem.minecraft.end_stone":5,"stat.useItem.minecraft.item_frame":2,"stat.useItem.minecraft.sea_lantern":54,"stat.useItem.minecraft.spruce_stairs":74,"stat.useItem.minecraft.leaves":976,"stat.useItem.minecraft.trapdoor":32,"stat.useItem.minecraft.stained_glass":466,"stat.sprintOneCm":19972,"stat.useItem.minecraft.diamond_block":15,"stat.useItem.minecraft.fence":115,"stat.useItem.minecraft.stone_stairs":171,"stat.killEntity.Skeleton":7,"stat.useItem.minecraft.stone_slab":250,"achievement.openInventory":158,"stat.useItem.minecraft.barrier":136,"stat.killEntity.Spider":2,"stat.mobKills":25,"stat.useItem.minecraft.stonebrick":216,"stat.useItem.minecraft.dye":288,"stat.pickup.minecraft.sugar":1,"stat.deaths":1,"stat.useItem.minecraft.cobblestone_wall":74,"stat.playOneMinute":333035,"stat.pickup.minecraft.red_flower":1,"stat.sneakTime":13152,"stat.pickup.minecraft.slime_ball":1,"stat.killEntity.Zombie":8,"stat.useItem.minecraft.chorus_fruit":5,"stat.useItem.minecraft.wooden_axe":3,"stat.pickup.minecraft.yellow_flower":4,"stat.diveOneCm":3134}