{"stats":{"minecraft:used":{"minecraft:oak_sign":4,"minecraft:stone_brick_slab":1,"minecraft:stone":7},"minecraft:custom":{"minecraft:jump":127,"minecraft:time_since_rest":35183,"minecraft:play_one_minute":39662,"minecraft:crouch_one_cm":170,"minecraft:leave_game":4,"minecraft:sprint_one_cm":4254,"minecraft:damage_taken":10,"minecraft:time_since_death":39662,"minecraft:walk_one_cm":17805,"minecraft:sneak_time":288,"minecraft:climb_one_cm":817,"minecraft:fall_one_cm":752,"minecraft:fly_one_cm":40217}},"DataVersion":1952}