{"stat.walkOneCm":85106,"stat.leaveGame":2,"stat.mineBlock.minecraft.yellow_flower":1,"stat.pickup.minecraft.log":1,"stat.jump":1093,"stat.swimOneCm":174,"stat.climbOneCm":3328,"stat.fallOneCm":15946,"stat.useItem.minecraft.yellow_flower":1,"stat.crouchOneCm":1100,"stat.pickup.minecraft.dirt":4,"stat.useItem.minecraft.dirt":2,"stat.sprintOneCm":66651,"stat.useItem.minecraft.emerald_ore":5,"stat.useItem.minecraft.stone_slab":1,"stat.damageTaken":152,"stat.mineBlock.minecraft.log":1,"stat.flyOneCm":257683,"stat.pickup.minecraft.wheat_seeds":2,"stat.mineBlock.minecraft.leaves":1,"stat.playOneMinute":124264,"stat.useItem.minecraft.diamond_ore":14,"stat.sneakTime":589,"stat.timeSinceDeath":124264,"stat.pickup.minecraft.yellow_flower":1,"stat.mineBlock.minecraft.dirt":4,"stat.mineBlock.minecraft.tallgrass":7}